Publish Date,Day,Status,Layer,Title,Category,Tags,Author,Comments,Shared on LinkedIn
2026/07/21 9:00 am,Tue,Published,Engineering,"One Action, One Role: Access Control That the Admin Console Actually Reflects",Identity & Access,"access-control, permissions, admin-tools, security",chipprbots,—,Not shared
2026/07/22 9:00 am,Wed,Published,Knowledge Base,"What ""Be Your Own Bank"" Actually Means",Wallets & Keys,"self-custody, wallets, keys, security, basics",chipprbots,—,Not shared
2026/07/23 9:00 am,Thu,Scheduled,Finance Professional Series,Custody Without a Custodian: Rethinking Safekeeping When Nobody Holds Your Assets,Custody & Settlement,"custody, self-custody, segregation, insolvency-remoteness, operational-risk, smart-accounts",chipprbots,—,Not shared
2026/07/24 9:00 am,Fri,Scheduled,Engineering,"Soulbound Memberships, Transferable Vouchers: Splitting a Token in Two",Identity & Access,"memberships, token-design, gifting, access-control",chipprbots,—,Not shared
2026/07/27 9:00 am,Mon,Scheduled,Knowledge Base,What Is a Stablecoin?,Payments & Markets,"stablecoins, usdc, payments, how-it-works",chipprbots,—,Not shared
2026/07/28 9:00 am,Tue,Scheduled,Engineering,"Sanctions Screening as a Shared Building Block: One Guard, Every Money Path",Identity & Access,"compliance, sanctions, fail-closed, security",chipprbots,—,Not shared
2026/07/29 9:00 am,Wed,Scheduled,Knowledge Base,"What Is DeFi Lending, and Where Does the Yield Come From?",Earning & Yield,"lending, yield, defi, interest, savings",chipprbots,—,Not shared
2026/07/31 9:00 am,Fri,Scheduled,Engineering,Passkey Smart Accounts: A Wallet You Open With Your Fingerprint,Accounts & Keys,"passkeys, wallets, self-custody, onboarding, account-abstraction",chipprbots,—,Not shared
2026/08/04 9:00 am,Tue,Scheduled,Engineering,Losing Every Passkey Shouldn't Mean Losing the Account,Accounts & Keys,"account-recovery, passkeys, self-custody, ux, onboarding",chipprbots,—,Not shared
2026/08/06 9:00 am,Thu,Scheduled,Finance Professional Series,Tokenized Cash as the Unit of Settlement: What a Stablecoin Actually Is on the Books,"Money, Yield & Markets","stablecoins, settlement-asset, tokenized-cash, e-money, payments",chipprbots,—,Not shared
2026/08/07 9:00 am,Fri,Scheduled,Engineering,"Sponsored Gas Without a Vendor: How ""No Network Fee"" Became True",Accounts & Keys,"gasless, sponsored-gas, wallets, self-custody, onboarding",chipprbots,—,Not shared
2026/08/11 9:00 am,Tue,Scheduled,Engineering,Shared Vaults Where No One Person Can Move the Money,Custody & Multisig,"multisig, shared-treasury, custody, self-custody",chipprbots,—,Not shared
2026/08/12 9:00 am,Wed,Scheduled,Knowledge Base,Passkeys and Smart Accounts: A Wallet With No Password to Write Down,Wallets & Keys,"passkeys, smart-accounts, webauthn, wallets, basics",chipprbots,—,Not shared
2026/08/14 9:00 am,Fri,Scheduled,Engineering,Enough Signatures Is Not Enough: Adding Real Rules to a Shared Vault,Custody & Multisig,"multisig, spending-limits, treasury-controls, security",chipprbots,—,Not shared
2026/08/18 9:00 am,Tue,Scheduled,Engineering,"One Signature, Zero Gas: How Gasless Payments Actually Work",Gasless Rails,"gasless, payments, user-experience, stablecoins",chipprbots,—,Not shared
2026/08/20 9:00 am,Thu,Scheduled,Finance Professional Series,"Compliance as Code: On-Chain Screening, KYC/AML Programs, and the Travel Rule","Compliance, Disclosure & Governance","sanctions, KYC-AML, travel-rule, screening, controls",chipprbots,—,Not shared
2026/08/21 9:00 am,Fri,Scheduled,Engineering,"Censor, Never Steal: Why the Service That Decides Is Never the Service That Signs",Gasless Rails,"gasless, infrastructure, security, design",chipprbots,—,Not shared
2026/08/24 9:00 am,Mon,Proposed,Knowledge Base,What Is a Multisig Wallet?,Security & Custody,"multisig, custody, security, shared-treasury, beginner",chipprbots,—,Not shared
2026/08/25 9:00 am,Tue,Proposed,Engineering,Renovating a Contract Without Changing Its Address,Contract Architecture,"smart-contracts, upgrades, safety, design",chipprbots,—,Not shared
2026/08/26 9:00 am,Wed,Proposed,Knowledge Base,What Are Spending Guardrails?,Security & Custody,"guardrails, spending-policy, treasury-controls, security, beginner",chipprbots,—,Not shared
2026/08/28 9:00 am,Fri,Proposed,Engineering,"One Contract, Two Halves: Beating a Hard Size Limit Without Moving House",Contract Architecture,"smart-contracts, architecture, gasless, design",chipprbots,—,Not shared
2026/08/31 9:00 am,Mon,Proposed,Knowledge Base,What Is Sanctions Screening? (And Why an App Checks Your Wallet),Security & Custody,"sanctions, compliance, privacy, security, basics",chipprbots,—,Not shared
2026/09/01 9:00 am,Tue,Proposed,Engineering,"One Address, Everywhere: Why Deterministic Deployment Matters",Contract Architecture,"multi-chain, reliability, behind-the-scenes",chipprbots,—,Not shared
2026/09/02 9:00 am,Wed,Proposed,Knowledge Base,"What Is Escrow — and How Can Code Hold the Money ""Trustlessly""?",Payments & Markets,"escrow, smart-contracts, trustless, how-it-works",chipprbots,—,Not shared
2026/09/03 9:00 am,Thu,Scheduled,Finance Professional Series,"Trustless Escrow and the End of ""Will They Pay?""",Custody & Settlement,"escrow, counterparty-risk, clearing, settlement, collateral, operational-risk",chipprbots,—,Not shared
2026/09/04 9:00 am,Fri,Proposed,Engineering,The Wager Lifecycle: How a Handshake Bet Becomes a Payout Nobody Can Strand,Prediction Markets,"escrow, prediction-markets, how-it-works, p2p",chipprbots,—,Not shared
2026/09/08 9:00 am,Tue,Proposed,Engineering,"Three Kinds of Truth, One Referee Slot: How FairWins Settles a Bet",Prediction Markets,"oracles, prediction-markets, how-it-works",chipprbots,—,Not shared
2026/09/09 9:00 am,Wed,Proposed,Knowledge Base,Prediction Markets 101,Payments & Markets,"prediction-markets, forecasting, how-it-works, responsible-use",chipprbots,—,Not shared
2026/09/11 9:00 am,Fri,Proposed,Engineering,When Nobody Wins and Anyone Can Play: Draws and Open Challenges,Prediction Markets,"prediction-markets, escrow, edge-cases, product-design",chipprbots,—,Not shared
2026/09/14 9:00 am,Mon,Proposed,Knowledge Base,What Is a Blockchain Oracle? The Trusted Referee,Oracles & Trading,"oracles, smart-contracts, prediction-markets, basics",chipprbots,—,Not shared
2026/09/15 9:00 am,Tue,Proposed,Engineering,Wager Pools: Group Escrow Where the Winner's Address Is the Claim Code,Prediction Markets,"prediction-markets, group-escrow, governance, product-design",chipprbots,—,Not shared
2026/09/16 9:00 am,Wed,Proposed,Knowledge Base,"What Are ""Gas Fees,"" and How Can a Transaction Be ""Gasless""?",Wallets & Keys,"gas-fees, gasless, transactions, wallets, basics",chipprbots,—,Not shared
2026/09/17 9:00 am,Thu,Proposed,Finance Professional Series,Atomic Settlement and DvP at T+0,Custody & Settlement,"settlement, DvP, settlement-finality, principal-risk, netting, market-structure",chipprbots,—,Not shared
2026/09/18 9:00 am,Fri,Proposed,Engineering,Private Prediction Markets: Confidential Terms with Trustless Settlement,Privacy Architecture,"encryption, privacy, prediction-markets",chipprbots,—,Not shared
2026/09/21 9:00 am,Mon,Proposed,Knowledge Base,Private and Encrypted: How a Public Blockchain Can Still Keep a Secret,"Identity, Privacy & Networks","encryption, privacy, end-to-end, plain-english",chipprbots,—,Not shared
2026/09/22 9:00 am,Tue,Proposed,Engineering,"One Locked Box, Several Keyholders: How a Private Wager Can Add a Referee",Privacy Architecture,"encryption, privacy, plain-english",chipprbots,—,Not shared
2026/09/23 9:00 am,Wed,Proposed,Knowledge Base,"NFTs, Soulbound Tokens, and Memberships: What You Actually Own","Identity, Privacy & Networks","nfts, soulbound, memberships, identity, plain-english",chipprbots,—,Not shared
2026/09/25 9:00 am,Fri,Proposed,Engineering,Moving Your Data Between Devices — Without a Server That Can Read It,Privacy Architecture,"privacy, backup, plain-english",chipprbots,—,Not shared
2026/09/28 9:00 am,Mon,Proposed,Knowledge Base,"What Is a Fee, and What on Earth Is a ""Basis Point""?",Earning & Yield,"fees, basis-points, bps, transparency, beginner",chipprbots,—,Not shared
2026/09/29 9:00 am,Tue,Proposed,Engineering,The Blocklist That Never Shipped: Voiding Bad Markets Without Publishing a Wall of Shame,Privacy Architecture,"privacy, moderation, design-history, plain-english",chipprbots,—,Not shared
2026/09/30 9:00 am,Wed,Proposed,Knowledge Base,"What Is Morpho, and What's a ""Vault""?",Earning & Yield,"morpho, vaults, erc4626, lending, yield",chipprbots,—,Not shared
2026/10/01 9:00 am,Thu,Proposed,Finance Professional Series,"Segregation of Duties, Enforced by Code: Multisig as Institutional Custody Control",Custody & Settlement,"custody, segregation-of-duties, maker-checker, treasury-governance, multisig",chipprbots,—,Not shared
2026/10/02 9:00 am,Fri,Proposed,Engineering,One Place for Every Fee: How FairWins Keeps Its Pricing Honest,Finance Surfaces,"fees, pricing, transparency, product",chipprbots,—,Not shared
2026/10/05 9:00 am,Mon,Proposed,Knowledge Base,How to Read APY (and Spot Yields That Are Too Good to Be True),Earning & Yield,"apy, yield, risk, defi, safety",chipprbots,—,Not shared
2026/10/06 9:00 am,Tue,Proposed,Engineering,"Earn Without Surprises: Putting Idle Funds to Work, With a Fee You Can See",Finance Surfaces,"earn, defi, vaults, fees, transparency",chipprbots,—,Not shared
2026/10/07 9:00 am,Wed,Proposed,Knowledge Base,"What Is Polymarket? And What's a ""Builder Fee""?",Oracles & Trading,"prediction-markets, polymarket, fees, transparency, basics",chipprbots,—,Not shared
2026/10/09 9:00 am,Fri,Proposed,Engineering,Predict: Earning From Prediction-Market Trades Without Ever Touching One,Finance Surfaces,"prediction-markets, polymarket, non-custodial, transparency",chipprbots,—,Not shared
2026/10/12 9:00 am,Mon,Proposed,Knowledge Base,"Blockchain Networks and ""Layer 2s,"" Explained Simply","Identity, Privacy & Networks","networks, layer-2, ethereum, polygon, bitcoin, basics",chipprbots,—,Not shared
2026/10/13 9:00 am,Tue,Proposed,Engineering,Adding Bitcoin to an App That Was Never Built for It,Finance Surfaces,"bitcoin, wallets, multi-chain, product",chipprbots,—,Not shared
2026/10/14 9:00 am,Wed,Proposed,Knowledge Base,What Is a DAO?,"Identity, Privacy & Networks","dao, governance, community, voting, basics",chipprbots,—,Not shared
2026/10/15 9:00 am,Thu,Proposed,Finance Professional Series,The Transaction That Had Every Signature It Needed: Programmable Spending Policy as a Pre-Settlement Control,Custody & Settlement,"pre-trade-controls, spending-policy, investment-mandate, treasury-governance, compliance",chipprbots,—,Not shared
2026/10/16 9:00 am,Fri,Proposed,Engineering,ClearPath: A Registry That Owns Nothing,Multi-chain Infra,"dao, governance, multi-chain, interoperability",chipprbots,—,Not shared
2026/10/19 9:00 am,Mon,Proposed,Knowledge Base,On-Chain Names: Turning a 42-Character Address Into Something You Can Read,"Identity, Privacy & Networks","naming, ens, identity, usability, plain-english",chipprbots,—,Not shared
2026/10/20 9:00 am,Tue,Proposed,Engineering,When the Search Index Isn't There,Multi-chain Infra,"indexing, the-graph, resilience, multi-chain",chipprbots,—,Not shared
2026/10/23 9:00 am,Fri,Proposed,Engineering,One Timeline From Five Sources That Kept Disagreeing,Multi-chain Infrastructure,"activity-feed, data-quality, product, blockchain",chipprbots,—,Not shared
2026/10/27 9:00 am,Tue,Proposed,Engineering,The AI Reviewer That Reads Every Contract Change — And Can Never Approve One,Security & DevOps,"smart-contract-security, ai, code-review, quality",chipprbots,—,Not shared
2026/10/29 9:00 am,Thu,Proposed,Finance Professional Series,"On-Chain Lending Against Money Markets, Repo, and Securities Lending","Money, Yield & Markets","on-chain lending, money markets, repo, securities lending, collateral, utilization, yield",chipprbots,—,Not shared
2026/10/30 9:00 am,Fri,Proposed,Engineering,Quality Gates That Fail Loudly,Security & DevOps,"quality-gates, test-coverage, ci, guardrails",chipprbots,—,Not shared
2026/11/03 9:00 am,Tue,Proposed,Engineering,Three Ways to Break an Escrow: How We Stress-Test the Code That Holds the Money,Security & DevOps,"security, testing, smart-contracts, plain-english",chipprbots,—,Not shared
2026/11/06 9:00 am,Fri,Proposed,Engineering,Write It Down First: Shipping Money Software Repeatably When AI Agents Do the Building,Security & DevOps,"process, ai-agents, spec-first, quality",chipprbots,—,Not shared
2026/11/10 9:00 am,Tue,Proposed,Engineering,Callsigns: A Human-Readable Name That Nothing Depends On,Standalone,"naming, identity, usability, plain-english",chipprbots,—,Not shared
2026/11/12 9:00 am,Thu,Proposed,Finance Professional Series,Tokenized Vaults as Fund Structures,"Money, Yield & Markets","ERC-4626, tokenized vaults, NAV, fund accounting, subscriptions, redemptions, curator",chipprbots,—,Not shared
2026/11/13 9:00 am,Fri,Proposed,Engineering,"Minting Tokens From Vetted Templates, Not Arbitrary Code",Standalone,"tokens, security, compliance, plain-english",chipprbots,—,Not shared
2026/12/03 9:00 am,Thu,Proposed,Finance Professional Series,A Practitioner's Risk Framework for DeFi Yield,"Money, Yield & Markets","risk framework, smart-contract risk, oracle risk, liquidity risk, de-peg, curator risk, diligence",chipprbots,—,Not shared
2026/12/10 9:00 am,Thu,Proposed,Finance Professional Series,Oracles as Reference-Data Infrastructure: Sourcing Outside Truth With Integrity,"Money, Yield & Markets","oracles, reference-data, benchmarks, market-data, integrity-controls",chipprbots,—,Not shared
2026/12/31 9:00 am,Thu,Proposed,Finance Professional Series,"Prediction Markets as Information Machines: Event Contracts, Read Honestly","Money, Yield & Markets","prediction-markets, event-contracts, information-aggregation, forecasting",chipprbots,—,Not shared
2027/01/07 9:00 am,Thu,Proposed,Finance Professional Series,"Builder Codes and Best Execution: An Honest Look at a Disclosed, Additive Fee","Money, Yield & Markets","builder-codes, best-execution, PFOF, cost-disclosure, conflicts-of-interest",chipprbots,—,Not shared
2027/01/21 9:00 am,Thu,Proposed,Finance Professional Series,"Ex-Ante Cost Disclosure, Made Mechanical: A MiFID-II Lens on On-Chain Fees","Compliance, Disclosure & Governance","fees, cost-disclosure, MiFID-II, transparency, governance",chipprbots,—,Not shared
2027/02/04 9:00 am,Thu,Proposed,Finance Professional Series,"Confidential Terms, Transparent Settlement: Privacy on a Public Ledger","Compliance, Disclosure & Governance","confidentiality, market-structure, MNPI, information-barriers, settlement",chipprbots,—,Not shared
2027/02/18 9:00 am,Thu,Proposed,Finance Professional Series,Who Can Change the Rules: Operational Risk in Upgradeable Systems,"Compliance, Disclosure & Governance","operational-risk, governance, change-management, key-management, upgradeability",chipprbots,—,Not shared
2027/03/04 9:00 am,Thu,Proposed,Finance Professional Series,"How to Read ""Audited"": Assurance for Smart Contracts","Compliance, Disclosure & Governance","assurance, audit, formal-verification, due-diligence, smart-contracts",chipprbots,—,Not shared
2027/03/18 9:00 am,Thu,Proposed,Finance Professional Series,"Member-Owned, On-Chain: What DAOs Borrow From Mutuals and Cooperatives","Compliance, Disclosure & Governance","dao, governance, member-owned, cooperatives, participation",chipprbots,—,Not shared
